cohort_decade,mean_lit_r1,mean_lit_r2,se_r1,se_r2,n_obs_r1,n_obs_r2,change,se_change,direction
1950,193.42629926705214,179.32707645396553,0.8089571202801016,2.553061635862145,864,207,-14.099222813086612,2.6781589457989545,decline
1960,206.21689776834637,182.28405479047197,1.2199297396767297,1.3574351173982975,1062,861,-23.9328429778744,1.825064017423461,decline
1970,220.385950824054,207.9475867066125,1.1474942382661255,1.7142750360438432,963,845,-12.438364117441495,2.062881946708797,decline
1980,235.2922776402409,220.0905329789632,0.8618279033558603,1.5384073017923379,1163,1029,-15.2017446612777,1.7633616648920152,decline
1990,237.0270931857205,239.40627556094842,0.8303593063846664,1.2219790843580332,1056,1106,2.379182375227913,1.4774063287762516,improvement
