cohort_decade,college_share_r1,college_share_r2,n_obs_r1,n_obs_r2,change_pp
1950,0.1857063459624409,0.21974055126164466,864,207,3.4034205299203757
1960,0.23079206124459828,0.20625260385956493,1062,861,-2.4539457385033354
1970,0.3053412825445588,0.37347294438613177,963,844,6.813166184157299
1980,0.390611870072255,0.4191459117449737,1162,1027,2.853404167271867
1990,0.12232050637491339,0.444161218992148,1054,1105,32.18407126172346
