cohort_decade,pl1_share_r1,pl1_share_r2,se_r1,se_r2,n_obs_r1,n_obs_r2,change,se_change,direction
1950,0.7381412376400496,0.8257318855855152,0.011685786200477515,0.01748980416389069,864,207,0.08759064794546567,0.02103451565438384,increase
1960,0.6456530910166612,0.8025291968713714,0.009752589181352085,0.01666420751155315,1062,861,0.15687610585471012,0.01930825750108824,increase
1970,0.5279409514230357,0.6186555582182336,0.011049072085765275,0.014907846955546077,963,845,0.09071460679519794,0.01855602044637863,increase
1980,0.41642814785051935,0.5073812823973473,0.01588333520930484,0.015340478979593978,1163,1029,0.09095313454682791,0.02208190736088048,increase
1990,0.37872672111791233,0.3642570659357798,0.013249240218858293,0.01315288254719035,1056,1106,-0.014469655182132557,0.01866924437884931,decrease
