subject,pearson_r,spearman_r,slope,n_countries
Literacy,0.6621571982125071,0.6294466403162055,0.4819206893575156,23
Numeracy,0.7803895257768474,0.7569169960474309,0.5103686910964571,23
