subject,pearson_r,spearman_r,slope,n_countries
Literacy,0.6056748957589457,0.6293706293706295,0.532164511684812,12
Numeracy,0.6319282081817912,0.6083916083916084,0.4644728441923879,12
