subject,pearson_r,spearman_r,slope,n_countries
Literacy,0.6267736254104406,0.614782608695652,0.4820114753904235,24
Numeracy,0.7526056679817962,0.746086956521739,0.5213122677757619,24
