design,subject,pearson_r,spearman_r,n_countries,label
Exact-age 20,Literacy,0.723678087677444,0.7272727272727274,12,"r = 0.72
n = 12"
Exact-age 20,Numeracy,0.6652393834472734,0.5804195804195805,12,"r = 0.67
n = 12"
