subject,pearson_r,spearman_r,slope,n_countries
Literacy,0.611987367310778,0.6153846153846154,0.5513852301702064,12
Numeracy,0.6485449868721717,0.6223776223776225,0.49522923421615966,12
