cohort_decade,pl1_share_r1,pl1_share_r2,se_r1,se_r2,n_obs_r1,n_obs_r2,change,se_change,direction
1960,0.20417138261786477,0.32073748218282394,0.007377603886922524,0.013663314737919515,1059,941,0.11656609956495917,0.015527884876562648,increase
1970,0.16824607205853648,0.2855426539348417,0.00974998841499622,0.014188598148809347,955,665,0.1172965818763052,0.017215649610774392,increase
1980,0.16117288112931785,0.26802370660527547,0.0088192670205367,0.01461581209924253,1027,802,0.10685082547595762,0.017070484295997307,increase
1990,0.1392804276924709,0.24312001194057972,0.007907469462111181,0.010959857519399353,813,766,0.10383958424810882,0.013514679061663116,increase
