cohort_decade,mean_lit_r1,mean_lit_r2,se_r1,se_r2,n_obs_r1,n_obs_r2,change,se_change,direction
1960,265.9255469849655,248.26936000762802,0.49063850985288954,1.3955832079559243,1059,941,-17.656186977337455,1.479316949703211,decline
1970,273.3807303920161,257.1016478165282,0.7790467651506414,1.82019391976794,955,665,-16.279082575487905,1.9799039794525028,decline
1980,275.47896485109464,259.757972456447,0.6338647583849658,1.8959783138551476,1027,802,-15.720992394647624,1.9991293851403014,decline
1990,271.5349050846836,265.20841717873805,0.923324828666773,1.5110700832641493,813,766,-6.326487905945555,1.7708363944104066,decline
